time,ch1,ch2,ch3,ch4,ch5,ch6,ch7,ch8
149.73143911361694,2047.1600341796875,-7983.39990234375,-1954.5999755859375,-400000.0625,-12342.83984375,-400000.0625,-400000.0625,-400000.0625
149.823317527771,2040.6199951171875,-7992.5498046875,-1960.7099609375,-400000.0625,-12342.7900390625,-400000.0625,-400000.0625,-400000.0625
149.87611055374146,2029.989990234375,-7997.93994140625,-1966.3299560546875,-400000.0625,-12343.9296875,-400000.0625,-400000.0625,-400000.0625
149.9946322441101,2026.510009765625,-7995.02978515625,-1967.6700439453125,-400000.0625,-12346.7001953125,-400000.0625,-400000.0625,-400000.0625
150.0752592086792,2034.239990234375,-7988.31005859375,-1961.0899658203125,-400000.0625,-12350.66015625,-400000.0625,-400000.0625,-400000.0625
150.13059520721436,2044.8199462890625,-7980.35009765625,-1953.4100341796875,-400000.0625,-12352.75,-400000.0625,-400000.0625,-400000.0625
150.2167866230011,2042.0999755859375,-7986.64013671875,-1958.280029296875,-400000.0625,-12346.650390625,-400000.0625,-400000.0625,-400000.0625
150.26259589195251,2031.52001953125,-7992.4599609375,-1964.4300537109375,-400000.0625,-12352.990234375,-400000.0625,-400000.0625,-400000.0625
150.371239900589,2031.52001953125,-7988.41015625,-1961.9000244140625,-400000.0625,-12363.150390625,-400000.0625,-400000.0625,-400000.0625
150.47505640983582,2045.300048828125,-7982.830078125,-1955.699951171875,-400000.0625,-12355.849609375,-400000.0625,-400000.0625,-400000.0625
150.59524083137512,2047.6800537109375,-7976.6298828125,-1952.31005859375,-400000.0625,-12341.0703125,-400000.0625,-400000.0625,-400000.0625
150.68182277679443,2035.81005859375,-7983.72998046875,-1957.0400390625,-400000.0625,-12347.599609375,-400000.0625,-400000.0625,-400000.0625
150.73522758483887,2030.989990234375,-7989.5,-1963.0,-400000.0625,-12359.8095703125,-400000.0625,-400000.0625,-400000.0625
150.85253834724426,2040.5799560546875,-7983.68994140625,-1955.3199462890625,-400000.0625,-12356.51953125,-400000.0625,-400000.0625,-400000.0625
150.9364686012268,2042.43994140625,-7980.06005859375,-1952.219970703125,-400000.0625,-12342.41015625,-400000.0625,-400000.0625,-400000.0625
150.9851348400116,2038.77001953125,-7984.10986328125,-1953.8399658203125,-400000.0625,-12337.400390625,-400000.0625,-400000.0625,-400000.0625
151.08312702178955,2028.699951171875,-7993.56005859375,-1960.800048828125,-400000.0625,-12351.9404296875,-400000.0625,-400000.0625,-400000.0625
151.13712286949158,2028.989990234375,-7996.18017578125,-1968.0,-400000.0625,-12362.7197265625,-400000.0625,-400000.0625,-400000.0625
151.24001383781433,2037.18994140625,-7989.60009765625,-1964.7099609375,-400000.0625,-12353.759765625,-400000.0625,-400000.0625,-400000.0625
151.36769723892212,2036.6700439453125,-7986.5498046875,-1957.8900146484375,-400000.0625,-12348.509765625,-400000.0625,-400000.0625,-400000.0625
151.47030448913574,2044.3399658203125,-7978.77001953125,-1949.97998046875,-400000.0625,-12350.9404296875,-400000.0625,-400000.0625,-400000.0625
151.59006214141846,2043.6300048828125,-7976.81982421875,-1950.31005859375,-400000.0625,-12358.6201171875,-400000.0625,-400000.0625,-400000.0625
151.71204590797424,2031.6099853515625,-7990.41015625,-1960.3699951171875,-400000.0625,-12353.5595703125,-400000.0625,-400000.0625,-400000.0625
151.8119833469391,2030.989990234375,-7995.31982421875,-1960.800048828125,-400000.0625,-12343.599609375,-400000.0625,-400000.0625,-400000.0625
151.86217164993286,2038.239990234375,-7983.5400390625,-1952.550048828125,-400000.0625,-12333.009765625,-400000.0625,-400000.0625,-400000.0625
151.96566247940063,2042.8699951171875,-7978.5400390625,-1951.68994140625,-400000.0625,-12343.6904296875,-400000.0625,-400000.0625,-400000.0625
152.06460642814636,2043.1500244140625,-7979.81982421875,-1950.8800048828125,-400000.0625,-12347.1796875,-400000.0625,-400000.0625,-400000.0625
152.11501145362854,2037.4300537109375,-7990.4599609375,-1961.6099853515625,-400000.0625,-12360.0498046875,-400000.0625,-400000.0625,-400000.0625
152.27699065208435,2040.530029296875,-7986.39990234375,-1958.0799560546875,-400000.0625,-12361.76953125,-400000.0625,-400000.0625,-400000.0625
152.37724685668945,2047.2099609375,-7974.52978515625,-1948.449951171875,-400000.0625,-12353.330078125,-400000.0625,-400000.0625,-400000.0625
152.4709506034851,2047.8299560546875,-7979.2001953125,-1952.1199951171875,-400000.0625,-12352.51953125,-400000.0625,-400000.0625,-400000.0625
152.5315010547638,2031.6099853515625,-7990.64990234375,-1960.989990234375,-400000.0625,-12346.7900390625,-400000.0625,-400000.0625,-400000.0625
152.6413266658783,2028.27001953125,-8000.330078125,-1968.6700439453125,-400000.0625,-12350.419921875,-400000.0625,-400000.0625,-400000.0625
152.7370138168335,2034.81005859375,-7993.31982421875,-1962.22998046875,-400000.0625,-12348.83984375,-400000.0625,-400000.0625,-400000.0625
152.7908592224121,2037.9100341796875,-7980.43994140625,-1952.5999755859375,-400000.0625,-12344.2197265625,-400000.0625,-400000.0625,-400000.0625
152.91566514968872,2039.0,-7981.919921875,-1954.27001953125,-400000.0625,-12338.9697265625,-400000.0625,-400000.0625,-400000.0625
153.02528977394104,2036.0,-7984.72998046875,-1956.699951171875,-400000.0625,-12346.2197265625,-400000.0625,-400000.0625,-400000.0625
153.1335051059723,2037.9100341796875,-7986.1201171875,-1956.8399658203125,-400000.0625,-12353.6103515625,-400000.0625,-400000.0625,-400000.0625
153.33739066123962,2035.7099609375,-7995.31982421875,-1963.6199951171875,-400000.0625,-12355.330078125,-400000.0625,-400000.0625,-400000.0625
153.43460297584534,2036.47998046875,-7989.31005859375,-1958.469970703125,-400000.0625,-12345.3603515625,-400000.0625,-400000.0625,-400000.0625
153.48141860961914,2039.8599853515625,-7985.58984375,-1954.4100341796875,-400000.0625,-12346.7001953125,-400000.0625,-400000.0625,-400000.0625
153.5834710597992,2033.52001953125,-7989.8798828125,-1960.469970703125,-400000.0625,-12359.240234375,-400000.0625,-400000.0625,-400000.0625
153.67824149131775,2028.6099853515625,-7994.4599609375,-1966.2900390625,-400000.0625,-12355.3798828125,-400000.0625,-400000.0625,-400000.0625
153.71181893348694,2033.5699462890625,-7996.419921875,-1963.4200439453125,-400000.0625,-12357.900390625,-400000.0625,-400000.0625,-400000.0625
153.80989575386047,2042.719970703125,-7981.64013671875,-1952.5999755859375,-400000.0625,-12350.6103515625,-400000.0625,-400000.0625,-400000.0625
153.84572100639343,2047.1099853515625,-7982.72998046875,-1953.93994140625,-400000.0625,-12349.7001953125,-400000.0625,-400000.0625,-400000.0625
154.02624988555908,2037.1400146484375,-7993.990234375,-1961.9000244140625,-400000.0625,-12360.5703125,-400000.0625,-400000.0625,-400000.0625
154.11337566375732,2031.8499755859375,-7995.31982421875,-1964.7099609375,-400000.0625,-12350.9404296875,-400000.0625,-400000.0625,-400000.0625
154.14210534095764,2033.3800048828125,-7993.64990234375,-1962.7099609375,-400000.0625,-12346.7900390625,-400000.0625,-400000.0625,-400000.0625
154.24223589897156,2036.0,-7993.64990234375,-1958.93994140625,-400000.0625,-12341.9296875,-400000.0625,-400000.0625,-400000.0625
154.33354544639587,2038.9100341796875,-7987.5,-1955.800048828125,-400000.0625,-12346.599609375,-400000.0625,-400000.0625,-400000.0625
154.3977394104004,2036.760009765625,-7994.60986328125,-1963.7099609375,-400000.0625,-12360.3798828125,-400000.0625,-400000.0625,-400000.0625
154.4914562702179,2031.760009765625,-8005.91015625,-1972.5799560546875,-400000.0625,-12362.33984375,-400000.0625,-400000.0625,-400000.0625
154.53765678405762,2032.6099853515625,-8001.330078125,-1968.0999755859375,-400000.0625,-12358.0,-400000.0625,-400000.0625,-400000.0625
154.65128779411316,2041.6300048828125,-7987.830078125,-1959.280029296875,-400000.0625,-12345.1201171875,-400000.0625,-400000.0625,-400000.0625
154.77515769004822,2044.9200439453125,-7983.58984375,-1954.8900146484375,-400000.0625,-12346.26953125,-400000.0625,-400000.0625,-400000.0625
154.87661337852478,2040.5799560546875,-7992.35986328125,-1961.7099609375,-400000.0625,-12355.900390625,-400000.0625,-400000.0625,-400000.0625
155.0505793094635,2032.0400390625,-7998.52001953125,-1971.050048828125,-400000.0625,-12360.8603515625,-400000.0625,-400000.0625,-400000.0625
155.15574598312378,2032.760009765625,-8001.14013671875,-1966.949951171875,-400000.0625,-12360.1904296875,-400000.0625,-400000.0625,-400000.0625
155.24450731277466,2044.3900146484375,-7986.5,-1954.6500244140625,-400000.0625,-12341.2099609375,-400000.0625,-400000.0625,-400000.0625
155.30724215507507,2047.3499755859375,-7983.4501953125,-1956.030029296875,-400000.0625,-12336.58984375,-400000.0625,-400000.0625,-400000.0625
155.405659198761,2039.3900146484375,-8000.56982421875,-1966.52001953125,-400000.0625,-12358.1904296875,-400000.0625,-400000.0625,-400000.0625
155.45894694328308,2038.1500244140625,-8002.43017578125,-1967.0,-400000.0625,-12362.7197265625,-400000.0625,-400000.0625,-400000.0625
155.59402418136597,2042.5799560546875,-7995.22021484375,-1960.949951171875,-400000.0625,-12354.759765625,-400000.0625,-400000.0625,-400000.0625
155.70467162132263,2039.81005859375,-7990.5498046875,-1958.989990234375,-400000.0625,-12353.849609375,-400000.0625,-400000.0625,-400000.0625
155.80064606666565,2042.25,-7989.02978515625,-1955.1300048828125,-400000.0625,-12350.5595703125,-400000.0625,-400000.0625,-400000.0625
155.84452486038208,2033.18994140625,-7994.22021484375,-1960.6099853515625,-400000.0625,-12352.990234375,-400000.0625,-400000.0625,-400000.0625
155.94642806053162,2027.93994140625,-8000.7998046875,-1964.6199951171875,-400000.0625,-12357.08984375,-400000.0625,-400000.0625,-400000.0625
156.08625888824463,2034.469970703125,-8002.08984375,-1964.0899658203125,-400000.0625,-12349.7998046875,-400000.0625,-400000.0625,-400000.0625
156.19665789604187,2040.239990234375,-7992.35986328125,-1959.800048828125,-400000.0625,-12337.5,-400000.0625,-400000.0625,-400000.0625
156.28530883789062,2048.25,-7989.1201171875,-1956.4200439453125,-400000.0625,-12343.650390625,-400000.0625,-400000.0625,-400000.0625
156.33201146125793,2042.0999755859375,-7991.27001953125,-1958.56005859375,-400000.0625,-12356.3798828125,-400000.0625,-400000.0625,-400000.0625
156.94971084594727,2029.1300048828125,-8003.14013671875,-1967.760009765625,-400000.0625,-12359.8095703125,-400000.0625,-400000.0625,-400000.0625
157.34266424179077,2031.8499755859375,-8006.3798828125,-1968.0,-400000.0625,-12366.4404296875,-400000.0625,-400000.0625,-400000.0625
157.51549339294434,2042.2900390625,-7996.1298828125,-1957.989990234375,-400000.0625,-12358.8603515625,-400000.0625,-400000.0625,-400000.0625
157.72282004356384,2045.1099853515625,-7996.509765625,-1961.949951171875,-400000.0625,-12354.23046875,-400000.0625,-400000.0625,-400000.0625
158.00495076179504,2037.1400146484375,-8003.81005859375,-1968.0,-400000.0625,-12353.4697265625,-400000.0625,-400000.0625,-400000.0625
158.22156739234924,2027.0799560546875,-8005.669921875,-1969.8599853515625,-400000.0625,-12355.7099609375,-400000.0625,-400000.0625,-400000.0625
158.45224332809448,2032.5699462890625,-8001.18994140625,-1970.010009765625,-400000.0625,-12358.08984375,-400000.0625,-400000.0625,-400000.0625
158.66809463500977,2043.0999755859375,-7990.080078125,-1958.6099853515625,-400000.0625,-12347.26953125,-400000.0625,-400000.0625,-400000.0625
158.91508293151855,2043.489990234375,-7987.1201171875,-1954.8399658203125,-400000.0625,-12348.41015625,-400000.0625,-400000.0625,-400000.0625
159.13653540611267,2031.4200439453125,-8002.85009765625,-1965.81005859375,-400000.0625,-12353.849609375,-400000.0625,-400000.0625,-400000.0625
159.36587762832642,2028.75,-8005.10009765625,-1970.530029296875,-400000.0625,-12370.9697265625,-400000.0625,-400000.0625,-400000.0625
159.56513786315918,2032.949951171875,-7996.18017578125,-1964.6199951171875,-400000.0625,-12370.01953125,-400000.0625,-400000.0625,-400000.0625
159.86824321746826,2039.0,-7992.64990234375,-1959.3199462890625,-400000.0625,-12355.08984375,-400000.0625,-400000.0625,-400000.0625
160.06755948066711,2047.780029296875,-7993.509765625,-1958.75,-400000.0625,-12348.3701171875,-400000.0625,-400000.0625,-400000.0625
160.28149032592773,2041.239990234375,-7990.1201171875,-1955.1300048828125,-400000.0625,-12351.2802734375,-400000.0625,-400000.0625,-400000.0625
160.52089190483093,2029.1300048828125,-7997.60986328125,-1960.6600341796875,-400000.0625,-12353.2802734375,-400000.0625,-400000.0625,-400000.0625
160.7784719467163,2029.1800537109375,-8009.009765625,-1969.81005859375,-400000.0625,-12364.4404296875,-400000.0625,-400000.0625,-400000.0625
160.9978711605072,2035.050048828125,-8004.47998046875,-1966.6700439453125,-400000.0625,-12358.759765625,-400000.0625,-400000.0625,-400000.0625
161.15624117851257,2038.530029296875,-8000.56982421875,-1961.8499755859375,-400000.0625,-12348.8896484375,-400000.0625,-400000.0625,-400000.0625
161.44542598724365,2035.5699462890625,-8006.6201171875,-1968.81005859375,-400000.0625,-12356.51953125,-400000.0625,-400000.0625,-400000.0625
161.60064148902893,2025.27001953125,-8010.2900390625,-1972.530029296875,-400000.0625,-12360.9599609375,-400000.0625,-400000.0625,-400000.0625
161.78654956817627,2028.8499755859375,-8005.0,-1968.4300537109375,-400000.0625,-12358.3798828125,-400000.0625,-400000.0625,-400000.0625
161.98395371437073,2039.81005859375,-8000.52001953125,-1963.22998046875,-400000.0625,-12348.2197265625,-400000.0625,-400000.0625,-400000.0625
162.37183022499084,2044.25,-7994.83984375,-1958.56005859375,-400000.0625,-12350.419921875,-400000.0625,-400000.0625,-400000.0625
162.63306951522827,2039.6199951171875,-7998.419921875,-1959.8499755859375,-400000.0625,-12363.009765625,-400000.0625,-400000.0625,-400000.0625
162.77841067314148,2030.800048828125,-8009.81982421875,-1970.719970703125,-400000.0625,-12374.3095703125,-400000.0625,-400000.0625,-400000.0625
162.93173670768738,2028.800048828125,-8002.56982421875,-1966.3800048828125,-400000.0625,-12365.2001953125,-400000.0625,-400000.0625,-400000.0625
163.0674192905426,2033.3299560546875,-7999.7099609375,-1959.3699951171875,-400000.0625,-12353.66015625,-400000.0625,-400000.0625,-400000.0625
163.2251524925232,2033.280029296875,-8000.7099609375,-1958.22998046875,-400000.0625,-12350.0400390625,-400000.0625,-400000.0625,-400000.0625
163.38396406173706,2022.8900146484375,-8007.47998046875,-1966.3800048828125,-400000.0625,-12352.2802734375,-400000.0625,-400000.0625,-400000.0625
163.62735509872437,2020.030029296875,-8012.81982421875,-1972.3900146484375,-400000.0625,-12358.91015625,-400000.0625,-400000.0625,-400000.0625
163.86278367042542,2029.7099609375,-8008.43017578125,-1965.4300537109375,-400000.0625,-12357.240234375,-400000.0625,-400000.0625,-400000.0625
164.16224718093872,2036.949951171875,-7999.419921875,-1958.0799560546875,-400000.0625,-12356.330078125,-400000.0625,-400000.0625,-400000.0625
164.54457426071167,2042.010009765625,-7994.60986328125,-1956.8900146484375,-400000.0625,-12345.8896484375,-400000.0625,-400000.0625,-400000.0625
164.75468277931213,2031.469970703125,-8003.330078125,-1964.52001953125,-400000.0625,-12350.0400390625,-400000.0625,-400000.0625,-400000.0625
164.92072129249573,2022.219970703125,-8009.6298828125,-1965.1400146484375,-400000.0625,-12358.330078125,-400000.0625,-400000.0625,-400000.0625
165.0717577934265,2028.4200439453125,-8001.759765625,-1961.0400390625,-400000.0625,-12361.580078125,-400000.0625,-400000.0625,-400000.0625
165.2701451778412,2036.050048828125,-7991.169921875,-1956.56005859375,-400000.0625,-12348.990234375,-400000.0625,-400000.0625,-400000.0625
165.4928081035614,2037.1400146484375,-7997.89990234375,-1956.510009765625,-400000.0625,-12350.6103515625,-400000.0625,-400000.0625,-400000.0625
165.66784071922302,2032.52001953125,-8006.14013671875,-1965.050048828125,-400000.0625,-12362.0,-400000.0625,-400000.0625,-400000.0625
165.82642269134521,2025.56005859375,-8015.72998046875,-1973.25,-400000.0625,-12365.8701171875,-400000.0625,-400000.0625,-400000.0625
165.97359538078308,2028.989990234375,-8007.85986328125,-1963.6600341796875,-400000.0625,-12359.0,-400000.0625,-400000.0625,-400000.0625
166.1831407546997,2036.6199951171875,-8002.18994140625,-1960.75,-400000.0625,-12350.4697265625,-400000.0625,-400000.0625,-400000.0625
166.40500259399414,2036.0,-8007.0498046875,-1961.3699951171875,-400000.0625,-12348.83984375,-400000.0625,-400000.0625,-400000.0625
166.54225134849548,2035.280029296875,-8001.27978515625,-1958.93994140625,-400000.0625,-12343.6904296875,-400000.0625,-400000.0625,-400000.0625
166.70991587638855,2025.800048828125,-8010.2900390625,-1967.050048828125,-400000.0625,-12358.330078125,-400000.0625,-400000.0625,-400000.0625
166.89101839065552,2023.1700439453125,-8013.72998046875,-1972.25,-400000.0625,-12362.240234375,-400000.0625,-400000.0625,-400000.0625
167.0673110485077,2028.3699951171875,-8008.39013671875,-1967.6199951171875,-400000.0625,-12360.150390625,-400000.0625,-400000.0625,-400000.0625
167.29982328414917,2030.1800537109375,-8002.89990234375,-1958.3199462890625,-400000.0625,-12354.66015625,-400000.0625,-400000.0625,-400000.0625
167.47269940376282,2032.9000244140625,-8002.330078125,-1959.1300048828125,-400000.0625,-12357.759765625,-400000.0625,-400000.0625,-400000.0625
167.6308627128601,2023.6500244140625,-8012.9599609375,-1969.3900146484375,-400000.0625,-12369.4404296875,-400000.0625,-400000.0625,-400000.0625
167.9051399230957,2022.219970703125,-8010.14990234375,-1966.9100341796875,-400000.0625,-12374.0703125,-400000.0625,-400000.0625,-400000.0625
168.0799961090088,2028.3699951171875,-8005.9501953125,-1963.8499755859375,-400000.0625,-12367.580078125,-400000.0625,-400000.0625,-400000.0625
168.2667419910431,2033.6199951171875,-7999.08984375,-1958.8900146484375,-400000.0625,-12344.080078125,-400000.0625,-400000.0625,-400000.0625
168.4606475830078,2031.760009765625,-8001.60986328125,-1961.22998046875,-400000.0625,-12340.3603515625,-400000.0625,-400000.0625,-400000.0625
168.62428975105286,2028.6099853515625,-8010.009765625,-1966.18994140625,-400000.0625,-12358.1396484375,-400000.0625,-400000.0625,-400000.0625
168.89116859436035,2028.8900146484375,-8010.009765625,-1963.7099609375,-400000.0625,-12354.849609375,-400000.0625,-400000.0625,-400000.0625
169.0724742412567,2032.3299560546875,-8009.77001953125,-1964.9000244140625,-400000.0625,-12356.9501953125,-400000.0625,-400000.0625,-400000.0625
169.25810074806213,2037.8599853515625,-8000.85009765625,-1962.22998046875,-400000.0625,-12361.9599609375,-400000.0625,-400000.0625,-400000.0625
169.42538785934448,2026.510009765625,-8005.91015625,-1969.77001953125,-400000.0625,-12366.580078125,-400000.0625,-400000.0625,-400000.0625
169.59855222702026,2022.1700439453125,-8019.64013671875,-1974.6800537109375,-400000.0625,-12363.48046875,-400000.0625,-400000.0625,-400000.0625
169.77525424957275,2026.8399658203125,-8015.35009765625,-1968.1500244140625,-400000.0625,-12360.0,-400000.0625,-400000.0625,-400000.0625
170.03281497955322,2032.4200439453125,-8002.18994140625,-1961.52001953125,-400000.0625,-12363.9599609375,-400000.0625,-400000.0625,-400000.0625
170.28599429130554,2034.0,-8003.7099609375,-1961.22998046875,-400000.0625,-12360.4296875,-400000.0625,-400000.0625,-400000.0625
170.50146508216858,2028.6099853515625,-8010.580078125,-1963.6600341796875,-400000.0625,-12349.23046875,-400000.0625,-400000.0625,-400000.0625
170.67717719078064,2023.3199462890625,-8013.81982421875,-1967.760009765625,-400000.0625,-12351.1298828125,-400000.0625,-400000.0625,-400000.0625
170.89856338500977,2021.739990234375,-8019.5400390625,-1969.2900390625,-400000.0625,-12362.8203125,-400000.0625,-400000.0625,-400000.0625
171.1350119113922,2031.6099853515625,-8006.56982421875,-1962.0899658203125,-400000.0625,-12362.2001953125,-400000.0625,-400000.0625,-400000.0625
171.3052318096161,2038.8599853515625,-8000.52001953125,-1954.3199462890625,-400000.0625,-12362.8603515625,-400000.0625,-400000.0625,-400000.0625
171.47150087356567,2030.280029296875,-8013.2001953125,-1963.22998046875,-400000.0625,-12372.16015625,-400000.0625,-400000.0625,-400000.0625
171.76426029205322,2022.1700439453125,-8016.16015625,-1969.77001953125,-400000.0625,-12369.73046875,-400000.0625,-400000.0625,-400000.0625
171.9845209121704,2028.27001953125,-8011.8701171875,-1965.9000244140625,-400000.0625,-12367.6796875,-400000.0625,-400000.0625,-400000.0625
172.17662477493286,2036.050048828125,-8003.08984375,-1954.510009765625,-400000.0625,-12357.900390625,-400000.0625,-400000.0625,-400000.0625
172.46572279930115,2033.469970703125,-7997.990234375,-1951.68994140625,-400000.0625,-12360.6201171875,-400000.0625,-400000.0625,-400000.0625
172.7142632007599,2020.31005859375,-8007.81005859375,-1960.3699951171875,-400000.0625,-12357.1396484375,-400000.0625,-400000.0625,-400000.0625
172.847904920578,2022.4100341796875,-8015.009765625,-1961.0899658203125,-400000.0625,-12352.7998046875,-400000.0625,-400000.0625,-400000.0625
173.00582718849182,2023.739990234375,-8013.009765625,-1960.7099609375,-400000.0625,-12361.580078125,-400000.0625,-400000.0625,-400000.0625
173.1893994808197,2025.8900146484375,-8010.2001953125,-1957.56005859375,-400000.0625,-12356.1396484375,-400000.0625,-400000.0625,-400000.0625
173.33683323860168,2028.800048828125,-8002.56982421875,-1950.97998046875,-400000.0625,-12353.08984375,-400000.0625,-400000.0625,-400000.0625
173.60348200798035,2026.4200439453125,-8006.18994140625,-1955.989990234375,-400000.0625,-12348.509765625,-400000.0625,-400000.0625,-400000.0625
173.85013580322266,2018.7900390625,-8017.06005859375,-1966.0,-400000.0625,-12353.1396484375,-400000.0625,-400000.0625,-400000.0625
174.00664901733398,2023.1199951171875,-8016.5400390625,-1960.6099853515625,-400000.0625,-12357.3798828125,-400000.0625,-400000.0625,-400000.0625
174.2133948802948,2032.6099853515625,-8004.759765625,-1953.030029296875,-400000.0625,-12357.1904296875,-400000.0625,-400000.0625,-400000.0625
174.43888783454895,2031.4200439453125,-8006.14013671875,-1954.4100341796875,-400000.0625,-12364.48046875,-400000.0625,-400000.0625,-400000.0625
174.65511202812195,2025.8900146484375,-8015.2001953125,-1957.27001953125,-400000.0625,-12368.5400390625,-400000.0625,-400000.0625,-400000.0625
174.80874705314636,2018.260009765625,-8021.68994140625,-1961.1800537109375,-400000.0625,-12374.400390625,-400000.0625,-400000.0625,-400000.0625
175.0388684272766,2020.5,-8021.68994140625,-1960.6099853515625,-400000.0625,-12382.1298828125,-400000.0625,-400000.0625,-400000.0625
175.25520610809326,2027.800048828125,-8007.47998046875,-1948.6400146484375,-400000.0625,-12353.08984375,-400000.0625,-400000.0625,-400000.0625
175.44779634475708,2033.280029296875,-8004.330078125,-1947.5899658203125,-400000.0625,-12343.1201171875,-400000.0625,-400000.0625,-400000.0625
175.6046323776245,2027.8900146484375,-8010.2001953125,-1953.4599609375,-400000.0625,-12355.2802734375,-400000.0625,-400000.0625,-400000.0625
175.90511894226074,2016.8800048828125,-8022.02001953125,-1964.760009765625,-400000.0625,-12357.669921875,-400000.0625,-400000.0625,-400000.0625
176.14434266090393,2016.6400146484375,-8022.97998046875,-1965.81005859375,-400000.0625,-12358.6201171875,-400000.0625,-400000.0625,-400000.0625
176.3876166343689,2024.1700439453125,-8021.97998046875,-1961.280029296875,-400000.0625,-12362.150390625,-400000.0625,-400000.0625,-400000.0625
176.5678243637085,2031.9000244140625,-8012.009765625,-1951.550048828125,-400000.0625,-12359.91015625,-400000.0625,-400000.0625,-400000.0625
176.7917697429657,2028.8900146484375,-8008.240234375,-1952.9300537109375,-400000.0625,-12359.8095703125,-400000.0625,-400000.0625,-400000.0625
177.07893109321594,2019.6400146484375,-8020.68994140625,-1961.9000244140625,-400000.0625,-12370.6796875,-400000.0625,-400000.0625,-400000.0625
177.25422072410583,2019.449951171875,-8019.259765625,-1960.8499755859375,-400000.0625,-12360.76953125,-400000.0625,-400000.0625,-400000.0625
177.47848320007324,2024.510009765625,-8011.43994140625,-1955.0799560546875,-400000.0625,-12349.080078125,-400000.0625,-400000.0625,-400000.0625
177.720397233963,2026.699951171875,-8004.81005859375,-1948.7900390625,-400000.0625,-12348.5595703125,-400000.0625,-400000.0625,-400000.0625
177.97148871421814,2031.3299560546875,-7998.22998046875,-1944.5899658203125,-400000.0625,-12348.6103515625,-400000.0625,-400000.0625,-400000.0625
178.23795795440674,2025.56005859375,-8011.81982421875,-1956.27001953125,-400000.0625,-12357.8603515625,-400000.0625,-400000.0625,-400000.0625
178.4329559803009,2016.4000244140625,-8019.16015625,-1963.469970703125,-400000.0625,-12373.6396484375,-400000.0625,-400000.0625,-400000.0625
178.58548259735107,2024.6500244140625,-8014.6298828125,-1958.93994140625,-400000.0625,-12368.8701171875,-400000.0625,-400000.0625,-400000.0625
178.8004343509674,2031.280029296875,-8007.33984375,-1950.739990234375,-400000.0625,-12344.98046875,-400000.0625,-400000.0625,-400000.0625
178.97286462783813,2021.739990234375,-8016.16015625,-1956.75,-400000.0625,-12348.990234375,-400000.0625,-400000.0625,-400000.0625
179.1632890701294,2015.3499755859375,-8029.27001953125,-1965.3299560546875,-400000.0625,-12366.9599609375,-400000.0625,-400000.0625,-400000.0625
179.33202457427979,2015.02001953125,-8023.93017578125,-1962.0400390625,-400000.0625,-12364.2001953125,-400000.0625,-400000.0625,-400000.0625
179.50097632408142,2021.27001953125,-8015.10986328125,-1956.6500244140625,-400000.0625,-12357.9501953125,-400000.0625,-400000.0625,-400000.0625
179.69668126106262,2027.8900146484375,-8010.81982421875,-1952.9300537109375,-400000.0625,-12356.849609375,-400000.0625,-400000.0625,-400000.0625
179.98696064949036,2024.699951171875,-8016.35009765625,-1955.800048828125,-400000.0625,-12361.580078125,-400000.0625,-400000.0625,-400000.0625
180.38089418411255,2018.1199951171875,-8022.35986328125,-1963.9000244140625,-400000.0625,-12365.0595703125,-400000.0625,-400000.0625,-400000.0625
180.57521271705627,2020.219970703125,-8020.68994140625,-1962.3299560546875,-400000.0625,-12363.0498046875,-400000.0625,-400000.0625,-400000.0625
180.81226110458374,2024.219970703125,-8017.06005859375,-1956.75,-400000.0625,-12355.849609375,-400000.0625,-400000.0625,-400000.0625
181.02871751785278,2027.989990234375,-8013.39013671875,-1954.3699951171875,-400000.0625,-12350.419921875,-400000.0625,-400000.0625,-400000.0625
181.19567370414734,2026.27001953125,-8017.2998046875,-1958.6600341796875,-400000.0625,-12360.240234375,-400000.0625,-400000.0625,-400000.0625
181.40448784828186,2024.0799560546875,-8019.06982421875,-1960.0400390625,-400000.0625,-12364.099609375,-400000.0625,-400000.0625,-400000.0625
181.60372376441956,2024.8399658203125,-8018.830078125,-1954.8399658203125,-400000.0625,-12372.0703125,-400000.0625,-400000.0625,-400000.0625
181.79195189476013,2027.6500244140625,-8014.77978515625,-1947.739990234375,-400000.0625,-12367.8203125,-400000.0625,-400000.0625,-400000.0625
181.99673557281494,2027.699951171875,-8011.9599609375,-1947.3599853515625,-400000.0625,-12360.4296875,-400000.0625,-400000.0625,-400000.0625
182.17837834358215,2022.219970703125,-8013.43994140625,-1952.030029296875,-400000.0625,-12366.1103515625,-400000.0625,-400000.0625,-400000.0625
182.3730525970459,2010.5400390625,-8025.89013671875,-1961.9000244140625,-400000.0625,-12365.91015625,-400000.0625,-400000.0625,-400000.0625
182.632483959198,2011.5899658203125,-8031.7001953125,-1964.81005859375,-400000.0625,-12358.6201171875,-400000.0625,-400000.0625,-400000.0625
182.80376482009888,2024.699951171875,-8018.77978515625,-1954.3199462890625,-400000.0625,-12350.1796875,-400000.0625,-400000.0625,-400000.0625
182.95389246940613,2029.3699951171875,-8011.39013671875,-1950.1700439453125,-400000.0625,-12358.51953125,-400000.0625,-400000.0625,-400000.0625
183.19052648544312,2023.1700439453125,-8014.39013671875,-1954.75,-400000.0625,-12359.669921875,-400000.0625,-400000.0625,-400000.0625
183.33876276016235,2015.0699462890625,-8022.39990234375,-1957.3699951171875,-400000.0625,-12360.0498046875,-400000.0625,-400000.0625,-400000.0625
183.56750869750977,2017.449951171875,-8015.58984375,-1951.4599609375,-400000.0625,-12364.33984375,-400000.0625,-400000.0625,-400000.0625
183.8221504688263,2027.27001953125,-8008.2900390625,-1943.9200439453125,-400000.0625,-12355.9501953125,-400000.0625,-400000.0625,-400000.0625
184.05043768882751,2024.219970703125,-8008.85986328125,-1945.31005859375,-400000.0625,-12356.9501953125,-400000.0625,-400000.0625,-400000.0625
184.3816637992859,2016.449951171875,-8021.77978515625,-1957.510009765625,-400000.0625,-12368.0595703125,-400000.0625,-400000.0625,-400000.0625
184.53397822380066,2006.9599609375,-8030.990234375,-1968.4300537109375,-400000.0625,-12368.490234375,-400000.0625,-400000.0625,-400000.0625
184.70740938186646,2008.3900146484375,-8029.02978515625,-1966.81005859375,-400000.0625,-12366.0595703125,-400000.0625,-400000.0625,-400000.0625
185.0188341140747,2019.550048828125,-8022.97998046875,-1956.800048828125,-400000.0625,-12358.8095703125,-400000.0625,-400000.0625,-400000.0625
185.17460131645203,2023.1199951171875,-8019.72998046875,-1953.75,-400000.0625,-12361.150390625,-400000.0625,-400000.0625,-400000.0625
185.3227608203888,2019.1700439453125,-8026.4599609375,-1959.280029296875,-400000.0625,-12370.400390625,-400000.0625,-400000.0625,-400000.0625
185.65566205978394,2013.969970703125,-8027.5498046875,-1961.6600341796875,-400000.0625,-12374.9697265625,-400000.0625,-400000.0625,-400000.0625
185.93975067138672,2018.31005859375,-8019.68994140625,-1955.1800537109375,-400000.0625,-12362.8203125,-400000.0625,-400000.0625,-400000.0625
186.29751205444336,2031.22998046875,-8006.2900390625,-1942.6800537109375,-400000.0625,-12350.4697265625,-400000.0625,-400000.0625,-400000.0625
187.13586354255676,2029.0899658203125,-8012.490234375,-1946.449951171875,-400000.0625,-12348.83984375,-400000.0625,-400000.0625,-400000.0625
187.31868076324463,2019.7900390625,-8023.7900390625,-1956.0799560546875,-400000.0625,-12358.0,-400000.0625,-400000.0625,-400000.0625
187.48000025749207,2010.5799560546875,-8034.0400390625,-1967.47998046875,-400000.0625,-12374.4501953125,-400000.0625,-400000.0625,-400000.0625
187.80995392799377,2014.1600341796875,-8032.47021484375,-1967.8599853515625,-400000.0625,-12373.5,-400000.0625,-400000.0625,-400000.0625
188.05164098739624,2024.3599853515625,-8022.169921875,-1954.75,-400000.0625,-12364.7197265625,-400000.0625,-400000.0625,-400000.0625
188.26801586151123,2029.9000244140625,-8011.72021484375,-1950.5999755859375,-400000.0625,-12366.2001953125,-400000.0625,-400000.0625,-400000.0625
188.47101497650146,2023.030029296875,-8015.8701171875,-1956.75,-400000.0625,-12365.6796875,-400000.0625,-400000.0625,-400000.0625
188.7244861125946,2012.5899658203125,-8032.509765625,-1965.3299560546875,-400000.0625,-12374.0703125,-400000.0625,-400000.0625,-400000.0625
189.567941904068,2014.780029296875,-8031.66015625,-1961.989990234375,-400000.0625,-12372.5400390625,-400000.0625,-400000.0625,-400000.0625
189.69877290725708,2025.4100341796875,-8020.1201171875,-1954.3199462890625,-400000.0625,-12364.48046875,-400000.0625,-400000.0625,-400000.0625
189.8232741355896,2027.1800537109375,-8014.35009765625,-1951.739990234375,-400000.0625,-12360.0498046875,-400000.0625,-400000.0625,-400000.0625
189.92119669914246,2019.02001953125,-8018.2998046875,-1957.1800537109375,-400000.0625,-12359.330078125,-400000.0625,-400000.0625,-400000.0625
189.9723937511444,2011.43994140625,-8026.93017578125,-1965.8599853515625,-400000.0625,-12365.33984375,-400000.0625,-400000.0625,-400000.0625
190.0933334827423,2010.77001953125,-8033.7998046875,-1967.47998046875,-400000.0625,-12368.2001953125,-400000.0625,-400000.0625,-400000.0625
190.20140027999878,2020.68994140625,-8024.06982421875,-1958.56005859375,-400000.0625,-12361.76953125,-400000.0625,-400000.0625,-400000.0625
190.30122804641724,2026.1300048828125,-8014.009765625,-1952.1700439453125,-400000.0625,-12351.419921875,-400000.0625,-400000.0625,-400000.0625
190.35243582725525,2015.8800048828125,-8016.6298828125,-1953.3199462890625,-400000.0625,-12363.150390625,-400000.0625,-400000.0625,-400000.0625
190.50399041175842,2010.300048828125,-8026.5498046875,-1957.56005859375,-400000.0625,-12378.650390625,-400000.0625,-400000.0625,-400000.0625
190.62219381332397,2022.699951171875,-8014.8701171875,-1949.8800048828125,-400000.0625,-12363.009765625,-400000.0625,-400000.0625,-400000.0625
190.72643494606018,2033.81005859375,-8001.759765625,-1942.5899658203125,-400000.0625,-12355.66015625,-400000.0625,-400000.0625,-400000.0625
190.88746285438538,2034.1400146484375,-8006.33984375,-1945.72998046875,-400000.0625,-12361.4296875,-400000.0625,-400000.0625,-400000.0625
190.99929070472717,2028.1300048828125,-8020.1201171875,-1958.699951171875,-400000.0625,-12369.8701171875,-400000.0625,-400000.0625,-400000.0625
191.10441970825195,2019.1199951171875,-8029.3701171875,-1965.6700439453125,-400000.0625,-12370.0595703125,-400000.0625,-400000.0625,-400000.0625
191.21648001670837,2025.1300048828125,-8023.97998046875,-1958.8900146484375,-400000.0625,-12359.0498046875,-400000.0625,-400000.0625,-400000.0625
191.3344693183899,2033.52001953125,-8012.14990234375,-1951.31005859375,-400000.0625,-12357.759765625,-400000.0625,-400000.0625,-400000.0625
191.45525074005127,2037.3299560546875,-8004.89990234375,-1948.97998046875,-400000.0625,-12356.849609375,-400000.0625,-400000.0625,-400000.0625
191.57324934005737,2035.3800048828125,-8008.0498046875,-1950.1199951171875,-400000.0625,-12359.1904296875,-400000.0625,-400000.0625,-400000.0625
191.7168402671814,2025.56005859375,-8015.10986328125,-1957.3699951171875,-400000.0625,-12376.3095703125,-400000.0625,-400000.0625,-400000.0625
191.86485314369202,2024.0799560546875,-8012.10009765625,-1956.4200439453125,-400000.0625,-12387.4697265625,-400000.0625,-400000.0625,-400000.0625
191.97306084632874,2034.760009765625,-8002.7099609375,-1947.260009765625,-400000.0625,-12364.8203125,-400000.0625,-400000.0625,-400000.0625
192.07379508018494,2036.949951171875,-8004.0498046875,-1945.2099609375,-400000.0625,-12343.599609375,-400000.0625,-400000.0625,-400000.0625
192.1774971485138,2029.3699951171875,-8012.52978515625,-1955.1300048828125,-400000.0625,-12356.51953125,-400000.0625,-400000.0625,-400000.0625
192.2789716720581,2018.0699462890625,-8022.1201171875,-1965.1400146484375,-400000.0625,-12372.349609375,-400000.0625,-400000.0625,-400000.0625
192.3901801109314,2019.0699462890625,-8017.02001953125,-1958.4200439453125,-400000.0625,-12370.0595703125,-400000.0625,-400000.0625,-400000.0625
192.5058023929596,2032.3800048828125,-8010.8701171875,-1950.5999755859375,-400000.0625,-12363.009765625,-400000.0625,-400000.0625,-400000.0625
192.65889382362366,2031.4200439453125,-8009.2900390625,-1949.260009765625,-400000.0625,-12353.0400390625,-400000.0625,-400000.0625,-400000.0625
192.78652715682983,2027.800048828125,-8007.72021484375,-1950.6500244140625,-400000.0625,-12355.759765625,-400000.0625,-400000.0625,-400000.0625
192.939391374588,2022.1700439453125,-8014.009765625,-1958.469970703125,-400000.0625,-12377.0703125,-400000.0625,-400000.0625,-400000.0625
193.05577445030212,2022.0799560546875,-8023.8798828125,-1961.760009765625,-400000.0625,-12392.8095703125,-400000.0625,-400000.0625,-400000.0625
193.1549301147461,2033.0899658203125,-8011.6298828125,-1948.5999755859375,-400000.0625,-12364.4404296875,-400000.0625,-400000.0625,-400000.0625
193.21037364006042,2041.0999755859375,-7998.31982421875,-1940.1099853515625,-400000.0625,-12346.7001953125,-400000.0625,-400000.0625,-400000.0625
193.29995584487915,2029.8499755859375,-8007.77001953125,-1952.219970703125,-400000.0625,-12355.7099609375,-400000.0625,-400000.0625,-400000.0625
193.40181374549866,2017.550048828125,-8021.77978515625,-1963.949951171875,-400000.0625,-12370.0595703125,-400000.0625,-400000.0625,-400000.0625
193.5663185119629,2020.3599853515625,-8022.740234375,-1964.0400390625,-400000.0625,-12376.599609375,-400000.0625,-400000.0625,-400000.0625
193.72755813598633,2023.4100341796875,-8015.8701171875,-1959.0400390625,-400000.0625,-12363.2900390625,-400000.0625,-400000.0625,-400000.0625
193.87372660636902,2029.75,-8005.56982421875,-1953.75,-400000.0625,-12357.1904296875,-400000.0625,-400000.0625,-400000.0625
194.04816198349,2031.3299560546875,-8006.240234375,-1950.739990234375,-400000.0625,-12374.9697265625,-400000.0625,-400000.0625,-400000.0625
194.13903832435608,2025.699951171875,-8015.8701171875,-1959.1300048828125,-400000.0625,-12375.3095703125,-400000.0625,-400000.0625,-400000.0625
194.18107080459595,2024.219970703125,-8019.35009765625,-1961.949951171875,-400000.0625,-12361.6201171875,-400000.0625,-400000.0625,-400000.0625
194.24302983283997,2033.6199951171875,-8013.10986328125,-1954.5999755859375,-400000.0625,-12350.6103515625,-400000.0625,-400000.0625,-400000.0625
194.27507948875427,2040.0,-8001.3798828125,-1948.9300537109375,-400000.0625,-12350.3203125,-400000.0625,-400000.0625,-400000.0625
194.33552813529968,2034.9000244140625,-8007.240234375,-1957.0799560546875,-400000.0625,-12365.6796875,-400000.0625,-400000.0625,-400000.0625
194.4474756717682,2030.6600341796875,-8017.8701171875,-1964.6600341796875,-400000.0625,-12376.830078125,-400000.0625,-400000.0625,-400000.0625
194.5706729888916,2024.75,-8022.1201171875,-1967.8599853515625,-400000.0625,-12376.740234375,-400000.0625,-400000.0625,-400000.0625
194.68317103385925,2031.22998046875,-8011.2900390625,-1956.56005859375,-400000.0625,-12371.6396484375,-400000.0625,-400000.0625,-400000.0625
194.85079789161682,2044.199951171875,-8003.240234375,-1948.739990234375,-400000.0625,-12365.8203125,-400000.0625,-400000.0625,-400000.0625
194.97565412521362,2044.6300048828125,-8005.6201171875,-1951.030029296875,-400000.0625,-12365.8203125,-400000.0625,-400000.0625,-400000.0625
195.15703296661377,2032.800048828125,-8013.06005859375,-1958.4200439453125,-400000.0625,-12373.3095703125,-400000.0625,-400000.0625,-400000.0625
195.2708158493042,2029.75,-8016.02001953125,-1961.52001953125,-400000.0625,-12370.400390625,-400000.0625,-400000.0625,-400000.0625
